{"stats":{"minecraft:killed":{"vampirism:vampire":3,"minecraft:pig":5,"minecraft:spider":1,"minecraft:creeper":3,"minecraft:sheep":7,"minecraft:skeleton":18,"minecraft:zombie":9,"minecraft:bee":1,"minecraft:chicken":3,"minecraft:cow":7},"minecraft:custom":{"minecraft:interact_with_furnace":23,"minecraft:mob_kills":57,"minecraft:interact_with_crafting_table":8,"minecraft:damage_dealt_resisted":204,"minecraft:leave_game":5,"minecraft:time_since_death":55207,"minecraft:sleep_in_bed":2,"minecraft:time_since_rest":29431,"minecraft:sprint_one_cm":107102,"minecraft:damage_taken":940,"minecraft:walk_one_cm":92040,"minecraft:damage_blocked_by_shield":760,"minecraft:drop":18,"vampirism:skills_unlocked":1,"minecraft:damage_dealt":8582,"minecraft:swim_one_cm":2112,"minecraft:fly_one_cm":236361,"minecraft:open_chest":1,"minecraft:crouch_one_cm":1435,"minecraft:play_time":55207,"minecraft:sneak_time":345,"minecraft:walk_under_water_one_cm":289,"minecraft:jump":1064,"minecraft:walk_on_water_one_cm":603,"minecraft:total_world_time":55207,"minecraft:fall_one_cm":37979},"minecraft:dropped":{"minecraft:stone_axe":1,"minecraft:wheat_seeds":4,"minecraft:feather":1,"minecraft:rotten_flesh":4,"minecraft:leather":2,"minecraft:white_bed":1,"minecraft:gray_wool":1,"minecraft:wooden_axe":2,"minecraft:bow":1,"minecraft:wooden_pickaxe":2,"vampirism:ring":1,"minecraft:white_wool":1},"minecraft:picked_up":{"minecraft:wooden_axe":1,"minecraft:birch_log":2,"minecraft:crafting_table":4,"minecraft:feather":5,"minecraft:chicken":3,"minecraft:leather":9,"minecraft:brown_mushroom":3,"minecraft:wooden_pickaxe":1,"minecraft:oak_log":7,"minecraft:gunpowder":3,"minecraft:dirt":6,"minecraft:bone":20,"minecraft:bow":1,"minecraft:wheat_seeds":4,"minecraft:beef":14,"minecraft:light_gray_wool":6,"minecraft:furnace":2,"minecraft:raw_iron":5,"minecraft:sweet_berries":10,"vampirism:ring":1,"minecraft:porkchop":8,"minecraft:white_bed":3,"minecraft:arrow":17,"minecraft:rotten_flesh":7,"minecraft:gray_wool":1,"minecraft:mutton":11,"minecraft:coal":67,"minecraft:white_wool":4,"minecraft:cobblestone":38},"minecraft:crafted":{"minecraft:cooked_beef":7,"minecraft:oak_planks":28,"minecraft:cooked_porkchop":6,"minecraft:leather_boots":1,"minecraft:crafting_table":1,"minecraft:wooden_pickaxe":1,"minecraft:furnace":1,"minecraft:birch_planks":8,"minecraft:stone_axe":2,"minecraft:cooked_mutton":10,"minecraft:air":0,"minecraft:shield":1,"minecraft:stick":32,"minecraft:iron_ingot":5,"minecraft:iron_pickaxe":1,"minecraft:stone_pickaxe":1,"minecraft:wooden_axe":1,"minecraft:white_bed":1,"minecraft:torch":40},"minecraft:used":{"minecraft:cooked_mutton":3,"minecraft:stone_pickaxe":48,"minecraft:oak_planks":1,"minecraft:wooden_pickaxe":23,"minecraft:shield":28,"minecraft:leather_boots":1,"minecraft:torch":30,"minecraft:dirt":6,"minecraft:crafting_table":4,"minecraft:white_bed":2,"minecraft:wooden_axe":12,"minecraft:iron_pickaxe":20,"minecraft:stone_axe":109,"minecraft:light_gray_wool":6,"minecraft:cobblestone":19,"minecraft:furnace":2,"minecraft:cooked_porkchop":6,"minecraft:cooked_beef":6},"minecraft:mined":{"minecraft:brown_mushroom":3,"minecraft:white_bed":2,"minecraft:mossy_cobblestone":1,"minecraft:crafting_table":4,"minecraft:grass_block":2,"minecraft:tall_grass":19,"minecraft:cobblestone":2,"minecraft:large_fern":1,"minecraft:furnace":2,"minecraft:birch_log":2,"minecraft:iron_ore":5,"minecraft:sweet_berry_bush":4,"minecraft:light_gray_wool":4,"minecraft:grass":42,"minecraft:oak_log":7,"minecraft:coal_ore":44,"minecraft:dirt":4,"minecraft:stone":37,"minecraft:oak_leaves":5}},"DataVersion":3465}