{"stats":{"minecraft:killed":{"vampirism:vampire":3,"minecraft:pig":6,"minecraft:zombie_villager":1,"minecraft:spider":1,"minecraft:creeper":3,"vampirism:hunter":4,"minecraft:sheep":7,"minecraft:skeleton":18,"minecraft:zombie":9,"minecraft:bee":1,"minecraft:chicken":3,"minecraft:cow":7},"minecraft:custom":{"minecraft:interact_with_furnace":23,"minecraft:mob_kills":71,"minecraft:interact_with_crafting_table":9,"minecraft:damage_dealt_resisted":499,"minecraft:leave_game":6,"minecraft:time_since_death":69108,"minecraft:sleep_in_bed":2,"minecraft:climb_one_cm":164,"minecraft:time_since_rest":43332,"vampirism:amount_bitten":17,"minecraft:sprint_one_cm":149838,"minecraft:damage_taken":1082,"minecraft:walk_one_cm":110109,"minecraft:damage_blocked_by_shield":790,"minecraft:drop":25,"vampirism:skills_unlocked":1,"minecraft:damage_dealt":10312,"minecraft:swim_one_cm":19311,"minecraft:fly_one_cm":333918,"minecraft:open_chest":1,"minecraft:crouch_one_cm":1441,"minecraft:play_time":69108,"minecraft:sneak_time":357,"minecraft:walk_under_water_one_cm":8919,"minecraft:boat_one_cm":54135,"minecraft:jump":1423,"minecraft:walk_on_water_one_cm":3588,"minecraft:total_world_time":69108,"vampirism:blood_drunk":5200,"minecraft:fall_one_cm":50644},"minecraft:dropped":{"minecraft:stone_axe":1,"minecraft:porkchop":2,"minecraft:wheat_seeds":4,"minecraft:cooked_beef":1,"minecraft:chicken":3,"minecraft:feather":1,"minecraft:rotten_flesh":14,"minecraft:leather":2,"minecraft:white_bed":1,"minecraft:gray_wool":1,"minecraft:mutton":7,"minecraft:wooden_axe":2,"minecraft:spruce_log":1,"minecraft:bow":1,"minecraft:wooden_pickaxe":2,"vampirism:ring":1,"minecraft:white_wool":1},"minecraft:picked_up":{"minecraft:wooden_axe":1,"minecraft:birch_log":2,"minecraft:crafting_table":4,"minecraft:feather":5,"minecraft:cooked_beef":1,"minecraft:chicken":6,"vampirism:item_tent":1,"minecraft:leather":12,"minecraft:brown_mushroom":3,"minecraft:wooden_pickaxe":1,"minecraft:oak_log":9,"minecraft:gunpowder":3,"minecraft:dirt":6,"minecraft:bone":20,"vampirism:human_heart":2,"minecraft:bow":1,"minecraft:wheat_seeds":4,"minecraft:beef":18,"minecraft:light_gray_wool":6,"minecraft:sugar_cane":6,"minecraft:oak_planks":1,"minecraft:furnace":2,"minecraft:raw_iron":5,"minecraft:sweet_berries":10,"vampirism:fire_place":1,"vampirism:ring":1,"minecraft:porkchop":13,"minecraft:spruce_log":2,"minecraft:white_bed":4,"minecraft:arrow":17,"minecraft:rotten_flesh":14,"minecraft:gray_wool":1,"minecraft:mutton":28,"minecraft:coal":67,"minecraft:white_wool":9,"minecraft:cobblestone":45},"minecraft:crafted":{"minecraft:cooked_beef":7,"minecraft:oak_planks":36,"minecraft:cooked_porkchop":6,"minecraft:leather_boots":1,"minecraft:crafting_table":1,"minecraft:wooden_pickaxe":1,"minecraft:furnace":1,"minecraft:birch_planks":8,"minecraft:stone_axe":2,"minecraft:cooked_mutton":10,"minecraft:air":0,"minecraft:oak_boat":1,"minecraft:shield":1,"minecraft:stick":32,"minecraft:iron_ingot":5,"minecraft:iron_pickaxe":1,"minecraft:stone_pickaxe":1,"minecraft:wooden_axe":1,"minecraft:white_bed":1,"minecraft:torch":40},"minecraft:used":{"minecraft:cooked_mutton":4,"minecraft:stone_pickaxe":48,"minecraft:oak_planks":1,"minecraft:wooden_pickaxe":23,"minecraft:shield":30,"minecraft:leather_boots":1,"minecraft:torch":30,"minecraft:dirt":6,"minecraft:crafting_table":5,"minecraft:white_bed":3,"minecraft:spruce_log":1,"minecraft:wooden_axe":12,"minecraft:iron_pickaxe":27,"vampirism:heart_seeker_ultimate":20,"minecraft:stone_axe":119,"minecraft:light_gray_wool":6,"minecraft:cobblestone":24,"minecraft:furnace":2,"minecraft:cooked_porkchop":6,"minecraft:oak_boat":1,"minecraft:cooked_beef":7},"minecraft:mined":{"minecraft:brown_mushroom":3,"minecraft:white_bed":3,"minecraft:mossy_cobblestone":1,"minecraft:crafting_table":4,"minecraft:grass_block":2,"minecraft:tall_grass":19,"minecraft:cobblestone":9,"minecraft:oak_planks":1,"minecraft:sugar_cane":4,"minecraft:large_fern":1,"minecraft:furnace":2,"minecraft:birch_log":2,"minecraft:iron_ore":5,"minecraft:sweet_berry_bush":4,"minecraft:spruce_log":1,"minecraft:light_gray_wool":4,"vampirism:tent":1,"minecraft:grass":43,"minecraft:oak_log":9,"minecraft:coal_ore":44,"vampirism:fire_place":1,"minecraft:dirt":4,"minecraft:stone":37,"minecraft:oak_leaves":5}},"DataVersion":3465}